{
  "nodes": {
    "Petrobras": {
      "borders": 4,
      "length": 0
    },
    "Gerdau": {
      "borders": 9,
      "length": 0
    },
    "PDG": {
      "borders": 6,
      "length": 0
    },
    "Vale": {
      "borders": 6,
      "length": 0
    },
    "Usiminas": {
      "borders": 6,
      "length": 0
    }
  },
  "edges": {
    "Petrobras": {
      "PDG": { "border": 100 },
      "Usiminas": { "border": 100 },
      "Gerdau": { "border": 0 }
    },
        "Gerdau": {
      "Vale": { "border": 100 },
      "Usiminas": { "border": 100 }
    }

  }
}